Energy (keV),Counts
7.500000e-01,0.000000e+00
2.250000e+00,0.000000e+00
3.750000e+00,0.000000e+00
5.250000e+00,0.000000e+00
6.750000e+00,0.000000e+00
8.250000e+00,0.000000e+00
9.750000e+00,0.000000e+00
1.125000e+01,0.000000e+00
1.275000e+01,0.000000e+00
1.425000e+01,0.000000e+00
1.575000e+01,0.000000e+00
1.725000e+01,0.000000e+00
1.875000e+01,0.000000e+00
2.025000e+01,0.000000e+00
2.175000e+01,0.000000e+00
2.325000e+01,0.000000e+00
2.475000e+01,0.000000e+00
2.625000e+01,0.000000e+00
2.775000e+01,0.000000e+00
2.925000e+01,0.000000e+00
3.075000e+01,0.000000e+00
3.225000e+01,0.000000e+00
3.375000e+01,0.000000e+00
3.525000e+01,0.000000e+00
3.675000e+01,0.000000e+00
3.825000e+01,0.000000e+00
3.975000e+01,0.000000e+00
4.125000e+01,0.000000e+00
4.275000e+01,0.000000e+00
4.425000e+01,0.000000e+00
4.575000e+01,0.000000e+00
4.725000e+01,0.000000e+00
4.875000e+01,0.000000e+00
5.025000e+01,0.000000e+00
5.175000e+01,0.000000e+00
5.325000e+01,0.000000e+00
5.475000e+01,0.000000e+00
5.625000e+01,0.000000e+00
5.775000e+01,0.000000e+00
5.925000e+01,0.000000e+00
6.075000e+01,0.000000e+00
6.225000e+01,0.000000e+00
6.375000e+01,0.000000e+00
6.525000e+01,0.000000e+00
6.675000e+01,0.000000e+00
6.825000e+01,0.000000e+00
6.975000e+01,0.000000e+00
7.125000e+01,0.000000e+00
7.275000e+01,0.000000e+00
7.425000e+01,0.000000e+00
7.575000e+01,0.000000e+00
7.725000e+01,0.000000e+00
7.875000e+01,0.000000e+00
8.025000e+01,0.000000e+00
8.175000e+01,0.000000e+00
8.325000e+01,0.000000e+00
8.475000e+01,0.000000e+00
8.625000e+01,0.000000e+00
8.775000e+01,0.000000e+00
8.925000e+01,0.000000e+00
9.075000e+01,0.000000e+00
9.225000e+01,0.000000e+00
9.375000e+01,0.000000e+00
9.525000e+01,0.000000e+00
9.675000e+01,0.000000e+00
9.825000e+01,0.000000e+00
9.975000e+01,0.000000e+00
1.012500e+02,0.000000e+00
1.027500e+02,0.000000e+00
1.042500e+02,0.000000e+00
1.057500e+02,0.000000e+00
1.072500e+02,0.000000e+00
1.087500e+02,0.000000e+00
1.102500e+02,0.000000e+00
1.117500e+02,0.000000e+00
1.132500e+02,0.000000e+00
1.147500e+02,0.000000e+00
1.162500e+02,0.000000e+00
1.177500e+02,0.000000e+00
1.192500e+02,0.000000e+00
1.207500e+02,0.000000e+00
1.222500e+02,0.000000e+00
1.237500e+02,0.000000e+00
1.252500e+02,0.000000e+00
1.267500e+02,0.000000e+00
1.282500e+02,0.000000e+00
1.297500e+02,0.000000e+00
1.312500e+02,0.000000e+00
1.327500e+02,0.000000e+00
1.342500e+02,0.000000e+00
1.357500e+02,0.000000e+00
1.372500e+02,0.000000e+00
1.387500e+02,0.000000e+00
1.402500e+02,0.000000e+00
1.417500e+02,0.000000e+00
1.432500e+02,0.000000e+00
1.447500e+02,0.000000e+00
1.462500e+02,0.000000e+00
1.477500e+02,0.000000e+00
1.492500e+02,0.000000e+00
1.507500e+02,0.000000e+00
1.522500e+02,0.000000e+00
1.537500e+02,0.000000e+00
1.552500e+02,0.000000e+00
1.567500e+02,0.000000e+00
1.582500e+02,0.000000e+00
1.597500e+02,0.000000e+00
1.612500e+02,0.000000e+00
1.627500e+02,0.000000e+00
1.642500e+02,0.000000e+00
1.657500e+02,0.000000e+00
1.672500e+02,0.000000e+00
1.687500e+02,0.000000e+00
1.702500e+02,0.000000e+00
1.717500e+02,0.000000e+00
1.732500e+02,0.000000e+00
1.747500e+02,0.000000e+00
1.762500e+02,0.000000e+00
1.777500e+02,0.000000e+00
1.792500e+02,0.000000e+00
1.807500e+02,0.000000e+00
1.822500e+02,0.000000e+00
1.837500e+02,0.000000e+00
1.852500e+02,0.000000e+00
1.867500e+02,0.000000e+00
1.882500e+02,0.000000e+00
1.897500e+02,0.000000e+00
1.912500e+02,0.000000e+00
1.927500e+02,0.000000e+00
1.942500e+02,0.000000e+00
1.957500e+02,0.000000e+00
1.972500e+02,0.000000e+00
1.987500e+02,0.000000e+00
2.002500e+02,0.000000e+00
2.017500e+02,0.000000e+00
2.032500e+02,0.000000e+00
2.047500e+02,0.000000e+00
2.062500e+02,0.000000e+00
2.077500e+02,0.000000e+00
2.092500e+02,0.000000e+00
2.107500e+02,0.000000e+00
2.122500e+02,0.000000e+00
2.137500e+02,0.000000e+00
2.152500e+02,0.000000e+00
2.167500e+02,0.000000e+00
2.182500e+02,0.000000e+00
2.197500e+02,0.000000e+00
2.212500e+02,0.000000e+00
2.227500e+02,0.000000e+00
2.242500e+02,0.000000e+00
2.257500e+02,0.000000e+00
2.272500e+02,0.000000e+00
2.287500e+02,0.000000e+00
2.302500e+02,0.000000e+00
2.317500e+02,0.000000e+00
2.332500e+02,0.000000e+00
2.347500e+02,0.000000e+00
2.362500e+02,0.000000e+00
2.377500e+02,0.000000e+00
2.392500e+02,0.000000e+00
2.407500e+02,0.000000e+00
2.422500e+02,0.000000e+00
2.437500e+02,0.000000e+00
2.452500e+02,0.000000e+00
2.467500e+02,0.000000e+00
2.482500e+02,0.000000e+00
2.497500e+02,0.000000e+00
2.512500e+02,0.000000e+00
2.527500e+02,0.000000e+00
2.542500e+02,0.000000e+00
2.557500e+02,0.000000e+00
2.572500e+02,0.000000e+00
2.587500e+02,0.000000e+00
2.602500e+02,0.000000e+00
2.617500e+02,0.000000e+00
2.632500e+02,0.000000e+00
2.647500e+02,0.000000e+00
2.662500e+02,0.000000e+00
2.677500e+02,0.000000e+00
2.692500e+02,0.000000e+00
2.707500e+02,0.000000e+00
2.722500e+02,0.000000e+00
2.737500e+02,0.000000e+00
2.752500e+02,0.000000e+00
2.767500e+02,0.000000e+00
2.782500e+02,0.000000e+00
2.797500e+02,0.000000e+00
2.812500e+02,0.000000e+00
2.827500e+02,0.000000e+00
2.842500e+02,0.000000e+00
2.857500e+02,0.000000e+00
2.872500e+02,0.000000e+00
2.887500e+02,0.000000e+00
2.902500e+02,0.000000e+00
2.917500e+02,0.000000e+00
2.932500e+02,0.000000e+00
2.947500e+02,0.000000e+00
2.962500e+02,0.000000e+00
2.977500e+02,0.000000e+00
2.992500e+02,0.000000e+00
3.007500e+02,0.000000e+00
3.022500e+02,0.000000e+00
3.037500e+02,0.000000e+00
3.052500e+02,0.000000e+00
3.067500e+02,0.000000e+00
3.082500e+02,0.000000e+00
3.097500e+02,0.000000e+00
3.112500e+02,0.000000e+00
3.127500e+02,0.000000e+00
3.142500e+02,0.000000e+00
3.157500e+02,0.000000e+00
3.172500e+02,0.000000e+00
3.187500e+02,0.000000e+00
3.202500e+02,0.000000e+00
3.217500e+02,0.000000e+00
3.232500e+02,0.000000e+00
3.247500e+02,0.000000e+00
3.262500e+02,0.000000e+00
3.277500e+02,0.000000e+00
3.292500e+02,0.000000e+00
3.307500e+02,0.000000e+00
3.322500e+02,0.000000e+00
3.337500e+02,0.000000e+00
3.352500e+02,0.000000e+00
3.367500e+02,0.000000e+00
3.382500e+02,0.000000e+00
3.397500e+02,0.000000e+00
3.412500e+02,0.000000e+00
3.427500e+02,0.000000e+00
3.442500e+02,0.000000e+00
3.457500e+02,0.000000e+00
3.472500e+02,7.500000e-05
3.487500e+02,0.000000e+00
3.502500e+02,0.000000e+00
3.517500e+02,0.000000e+00
3.532500e+02,0.000000e+00
3.547500e+02,0.000000e+00
3.562500e+02,0.000000e+00
3.577500e+02,0.000000e+00
3.592500e+02,0.000000e+00
3.607500e+02,0.000000e+00
3.622500e+02,0.000000e+00
3.637500e+02,0.000000e+00
3.652500e+02,0.000000e+00
3.667500e+02,0.000000e+00
3.682500e+02,0.000000e+00
3.697500e+02,0.000000e+00
3.712500e+02,0.000000e+00
3.727500e+02,0.000000e+00
3.742500e+02,0.000000e+00
3.757500e+02,0.000000e+00
3.772500e+02,0.000000e+00
3.787500e+02,0.000000e+00
3.802500e+02,0.000000e+00
3.817500e+02,0.000000e+00
3.832500e+02,0.000000e+00
3.847500e+02,0.000000e+00
3.862500e+02,0.000000e+00
3.877500e+02,0.000000e+00
3.892500e+02,0.000000e+00
3.907500e+02,0.000000e+00
3.922500e+02,0.000000e+00
3.937500e+02,0.000000e+00
3.952500e+02,0.000000e+00
3.967500e+02,0.000000e+00
3.982500e+02,0.000000e+00
3.997500e+02,0.000000e+00
4.012500e+02,0.000000e+00
4.027500e+02,0.000000e+00
4.042500e+02,0.000000e+00
4.057500e+02,0.000000e+00
4.072500e+02,0.000000e+00
4.087500e+02,0.000000e+00
4.102500e+02,0.000000e+00
4.117500e+02,0.000000e+00
4.132500e+02,0.000000e+00
4.147500e+02,0.000000e+00
4.162500e+02,0.000000e+00
4.177500e+02,0.000000e+00
4.192500e+02,0.000000e+00
4.207500e+02,0.000000e+00
4.222500e+02,0.000000e+00
4.237500e+02,0.000000e+00
4.252500e+02,0.000000e+00
4.267500e+02,0.000000e+00
4.282500e+02,0.000000e+00
4.297500e+02,0.000000e+00
4.312500e+02,0.000000e+00
4.327500e+02,0.000000e+00
4.342500e+02,0.000000e+00
4.357500e+02,0.000000e+00
4.372500e+02,0.000000e+00
4.387500e+02,0.000000e+00
4.402500e+02,0.000000e+00
4.417500e+02,0.000000e+00
4.432500e+02,0.000000e+00
4.447500e+02,0.000000e+00
4.462500e+02,0.000000e+00
4.477500e+02,0.000000e+00
4.492500e+02,0.000000e+00
4.507500e+02,0.000000e+00
4.522500e+02,0.000000e+00
4.537500e+02,0.000000e+00
4.552500e+02,0.000000e+00
4.567500e+02,0.000000e+00
4.582500e+02,0.000000e+00
4.597500e+02,0.000000e+00
4.612500e+02,0.000000e+00
4.627500e+02,0.000000e+00
4.642500e+02,0.000000e+00
4.657500e+02,0.000000e+00
4.672500e+02,0.000000e+00
4.687500e+02,0.000000e+00
4.702500e+02,0.000000e+00
4.717500e+02,0.000000e+00
4.732500e+02,0.000000e+00
4.747500e+02,0.000000e+00
4.762500e+02,0.000000e+00
4.777500e+02,0.000000e+00
4.792500e+02,0.000000e+00
4.807500e+02,0.000000e+00
4.822500e+02,0.000000e+00
4.837500e+02,0.000000e+00
4.852500e+02,0.000000e+00
4.867500e+02,0.000000e+00
4.882500e+02,0.000000e+00
4.897500e+02,0.000000e+00
4.912500e+02,0.000000e+00
4.927500e+02,0.000000e+00
4.942500e+02,0.000000e+00
4.957500e+02,0.000000e+00
4.972500e+02,0.000000e+00
4.987500e+02,0.000000e+00
5.002500e+02,0.000000e+00
5.017500e+02,0.000000e+00
5.032500e+02,0.000000e+00
5.047500e+02,0.000000e+00
5.062500e+02,0.000000e+00
5.077500e+02,0.000000e+00
5.092500e+02,0.000000e+00
5.107500e+02,0.000000e+00
5.122500e+02,0.000000e+00
5.137500e+02,0.000000e+00
5.152500e+02,0.000000e+00
5.167500e+02,0.000000e+00
5.182500e+02,0.000000e+00
5.197500e+02,0.000000e+00
5.212500e+02,0.000000e+00
5.227500e+02,0.000000e+00
5.242500e+02,0.000000e+00
5.257500e+02,0.000000e+00
5.272500e+02,0.000000e+00
5.287500e+02,0.000000e+00
5.302500e+02,0.000000e+00
5.317500e+02,0.000000e+00
5.332500e+02,0.000000e+00
5.347500e+02,0.000000e+00
5.362500e+02,0.000000e+00
5.377500e+02,0.000000e+00
5.392500e+02,0.000000e+00
5.407500e+02,0.000000e+00
5.422500e+02,0.000000e+00
5.437500e+02,0.000000e+00
5.452500e+02,0.000000e+00
5.467500e+02,0.000000e+00
5.482500e+02,0.000000e+00
5.497500e+02,0.000000e+00
5.512500e+02,0.000000e+00
5.527500e+02,0.000000e+00
5.542500e+02,0.000000e+00
5.557500e+02,0.000000e+00
5.572500e+02,0.000000e+00
5.587500e+02,0.000000e+00
5.602500e+02,0.000000e+00
5.617500e+02,0.000000e+00
5.632500e+02,0.000000e+00
5.647500e+02,0.000000e+00
5.662500e+02,0.000000e+00
5.677500e+02,0.000000e+00
5.692500e+02,0.000000e+00
5.707500e+02,0.000000e+00
5.722500e+02,0.000000e+00
5.737500e+02,0.000000e+00
5.752500e+02,0.000000e+00
5.767500e+02,0.000000e+00
5.782500e+02,0.000000e+00
5.797500e+02,0.000000e+00
5.812500e+02,0.000000e+00
5.827500e+02,0.000000e+00
5.842500e+02,0.000000e+00
5.857500e+02,0.000000e+00
5.872500e+02,0.000000e+00
5.887500e+02,0.000000e+00
5.902500e+02,0.000000e+00
5.917500e+02,0.000000e+00
5.932500e+02,0.000000e+00
5.947500e+02,0.000000e+00
5.962500e+02,0.000000e+00
5.977500e+02,0.000000e+00
5.992500e+02,0.000000e+00
6.007500e+02,0.000000e+00
6.022500e+02,0.000000e+00
6.037500e+02,0.000000e+00
6.052500e+02,0.000000e+00
6.067500e+02,0.000000e+00
6.082500e+02,0.000000e+00
6.097500e+02,0.000000e+00
6.112500e+02,0.000000e+00
6.127500e+02,0.000000e+00
6.142500e+02,0.000000e+00
6.157500e+02,0.000000e+00
6.172500e+02,0.000000e+00
6.187500e+02,0.000000e+00
6.202500e+02,0.000000e+00
6.217500e+02,0.000000e+00
6.232500e+02,0.000000e+00
6.247500e+02,0.000000e+00
6.262500e+02,0.000000e+00
6.277500e+02,0.000000e+00
6.292500e+02,0.000000e+00
6.307500e+02,0.000000e+00
6.322500e+02,0.000000e+00
6.337500e+02,0.000000e+00
6.352500e+02,0.000000e+00
6.367500e+02,0.000000e+00
6.382500e+02,0.000000e+00
6.397500e+02,0.000000e+00
6.412500e+02,0.000000e+00
6.427500e+02,0.000000e+00
6.442500e+02,0.000000e+00
6.457500e+02,0.000000e+00
6.472500e+02,0.000000e+00
6.487500e+02,0.000000e+00
6.502500e+02,0.000000e+00
6.517500e+02,0.000000e+00
6.532500e+02,0.000000e+00
6.547500e+02,0.000000e+00
6.562500e+02,0.000000e+00
6.577500e+02,0.000000e+00
6.592500e+02,0.000000e+00
6.607500e+02,0.000000e+00
6.622500e+02,0.000000e+00
6.637500e+02,0.000000e+00
6.652500e+02,0.000000e+00
6.667500e+02,0.000000e+00
6.682500e+02,0.000000e+00
6.697500e+02,0.000000e+00
6.712500e+02,0.000000e+00
6.727500e+02,0.000000e+00
6.742500e+02,0.000000e+00
6.757500e+02,0.000000e+00
6.772500e+02,0.000000e+00
6.787500e+02,0.000000e+00
6.802500e+02,0.000000e+00
6.817500e+02,0.000000e+00
6.832500e+02,0.000000e+00
6.847500e+02,0.000000e+00
6.862500e+02,0.000000e+00
6.877500e+02,0.000000e+00
6.892500e+02,0.000000e+00
6.907500e+02,0.000000e+00
6.922500e+02,0.000000e+00
6.937500e+02,0.000000e+00
6.952500e+02,0.000000e+00
6.967500e+02,0.000000e+00
6.982500e+02,0.000000e+00
6.997500e+02,0.000000e+00
7.012500e+02,0.000000e+00
7.027500e+02,0.000000e+00
7.042500e+02,0.000000e+00
7.057500e+02,0.000000e+00
7.072500e+02,0.000000e+00
7.087500e+02,0.000000e+00
7.102500e+02,0.000000e+00
7.117500e+02,0.000000e+00
7.132500e+02,0.000000e+00
7.147500e+02,0.000000e+00
7.162500e+02,0.000000e+00
7.177500e+02,0.000000e+00
7.192500e+02,0.000000e+00
7.207500e+02,0.000000e+00
7.222500e+02,0.000000e+00
7.237500e+02,0.000000e+00
7.252500e+02,0.000000e+00
7.267500e+02,0.000000e+00
7.282500e+02,0.000000e+00
7.297500e+02,0.000000e+00
7.312500e+02,0.000000e+00
7.327500e+02,0.000000e+00
7.342500e+02,0.000000e+00
7.357500e+02,0.000000e+00
7.372500e+02,0.000000e+00
7.387500e+02,0.000000e+00
7.402500e+02,0.000000e+00
7.417500e+02,0.000000e+00
7.432500e+02,0.000000e+00
7.447500e+02,0.000000e+00
7.462500e+02,0.000000e+00
7.477500e+02,0.000000e+00
7.492500e+02,0.000000e+00
7.507500e+02,0.000000e+00
7.522500e+02,0.000000e+00
7.537500e+02,0.000000e+00
7.552500e+02,0.000000e+00
7.567500e+02,0.000000e+00
7.582500e+02,0.000000e+00
7.597500e+02,0.000000e+00
7.612500e+02,0.000000e+00
7.627500e+02,0.000000e+00
7.642500e+02,0.000000e+00
7.657500e+02,0.000000e+00
7.672500e+02,0.000000e+00
7.687500e+02,0.000000e+00
7.702500e+02,0.000000e+00
7.717500e+02,0.000000e+00
7.732500e+02,0.000000e+00
7.747500e+02,0.000000e+00
7.762500e+02,0.000000e+00
7.777500e+02,0.000000e+00
7.792500e+02,0.000000e+00
7.807500e+02,0.000000e+00
7.822500e+02,0.000000e+00
7.837500e+02,0.000000e+00
7.852500e+02,0.000000e+00
7.867500e+02,0.000000e+00
7.882500e+02,0.000000e+00
7.897500e+02,0.000000e+00
7.912500e+02,0.000000e+00
7.927500e+02,0.000000e+00
7.942500e+02,0.000000e+00
7.957500e+02,0.000000e+00
7.972500e+02,0.000000e+00
7.987500e+02,0.000000e+00
8.002500e+02,0.000000e+00
8.017500e+02,0.000000e+00
8.032500e+02,0.000000e+00
8.047500e+02,0.000000e+00
8.062500e+02,0.000000e+00
8.077500e+02,0.000000e+00
8.092500e+02,0.000000e+00
8.107500e+02,0.000000e+00
8.122500e+02,0.000000e+00
8.137500e+02,0.000000e+00
8.152500e+02,0.000000e+00
8.167500e+02,0.000000e+00
8.182500e+02,0.000000e+00
8.197500e+02,0.000000e+00
8.212500e+02,0.000000e+00
8.227500e+02,0.000000e+00
8.242500e+02,0.000000e+00
8.257500e+02,7.600000e-05
8.272500e+02,0.000000e+00
8.287500e+02,0.000000e+00
8.302500e+02,0.000000e+00
8.317500e+02,0.000000e+00
8.332500e+02,0.000000e+00
8.347500e+02,0.000000e+00
8.362500e+02,0.000000e+00
8.377500e+02,0.000000e+00
8.392500e+02,0.000000e+00
8.407500e+02,0.000000e+00
8.422500e+02,0.000000e+00
8.437500e+02,0.000000e+00
8.452500e+02,0.000000e+00
8.467500e+02,0.000000e+00
8.482500e+02,0.000000e+00
8.497500e+02,0.000000e+00
8.512500e+02,0.000000e+00
8.527500e+02,0.000000e+00
8.542500e+02,0.000000e+00
8.557500e+02,0.000000e+00
8.572500e+02,0.000000e+00
8.587500e+02,0.000000e+00
8.602500e+02,0.000000e+00
8.617500e+02,0.000000e+00
8.632500e+02,0.000000e+00
8.647500e+02,0.000000e+00
8.662500e+02,0.000000e+00
8.677500e+02,0.000000e+00
8.692500e+02,0.000000e+00
8.707500e+02,0.000000e+00
8.722500e+02,0.000000e+00
8.737500e+02,0.000000e+00
8.752500e+02,0.000000e+00
8.767500e+02,0.000000e+00
8.782500e+02,0.000000e+00
8.797500e+02,0.000000e+00
8.812500e+02,0.000000e+00
8.827500e+02,0.000000e+00
8.842500e+02,0.000000e+00
8.857500e+02,0.000000e+00
8.872500e+02,0.000000e+00
8.887500e+02,0.000000e+00
8.902500e+02,0.000000e+00
8.917500e+02,0.000000e+00
8.932500e+02,0.000000e+00
8.947500e+02,0.000000e+00
8.962500e+02,0.000000e+00
8.977500e+02,0.000000e+00
8.992500e+02,0.000000e+00
9.007500e+02,0.000000e+00
9.022500e+02,0.000000e+00
9.037500e+02,0.000000e+00
9.052500e+02,0.000000e+00
9.067500e+02,0.000000e+00
9.082500e+02,0.000000e+00
9.097500e+02,0.000000e+00
9.112500e+02,0.000000e+00
9.127500e+02,0.000000e+00
9.142500e+02,0.000000e+00
9.157500e+02,0.000000e+00
9.172500e+02,0.000000e+00
9.187500e+02,0.000000e+00
9.202500e+02,0.000000e+00
9.217500e+02,0.000000e+00
9.232500e+02,0.000000e+00
9.247500e+02,0.000000e+00
9.262500e+02,0.000000e+00
9.277500e+02,0.000000e+00
9.292500e+02,0.000000e+00
9.307500e+02,0.000000e+00
9.322500e+02,0.000000e+00
9.337500e+02,0.000000e+00
9.352500e+02,0.000000e+00
9.367500e+02,0.000000e+00
9.382500e+02,0.000000e+00
9.397500e+02,0.000000e+00
9.412500e+02,0.000000e+00
9.427500e+02,0.000000e+00
9.442500e+02,0.000000e+00
9.457500e+02,0.000000e+00
9.472500e+02,0.000000e+00
9.487500e+02,0.000000e+00
9.502500e+02,0.000000e+00
9.517500e+02,0.000000e+00
9.532500e+02,0.000000e+00
9.547500e+02,0.000000e+00
9.562500e+02,0.000000e+00
9.577500e+02,0.000000e+00
9.592500e+02,0.000000e+00
9.607500e+02,0.000000e+00
9.622500e+02,0.000000e+00
9.637500e+02,0.000000e+00
9.652500e+02,0.000000e+00
9.667500e+02,0.000000e+00
9.682500e+02,0.000000e+00
9.697500e+02,0.000000e+00
9.712500e+02,0.000000e+00
9.727500e+02,0.000000e+00
9.742500e+02,0.000000e+00
9.757500e+02,0.000000e+00
9.772500e+02,0.000000e+00
9.787500e+02,0.000000e+00
9.802500e+02,0.000000e+00
9.817500e+02,0.000000e+00
9.832500e+02,0.000000e+00
9.847500e+02,0.000000e+00
9.862500e+02,0.000000e+00
9.877500e+02,0.000000e+00
9.892500e+02,0.000000e+00
9.907500e+02,0.000000e+00
9.922500e+02,0.000000e+00
9.937500e+02,0.000000e+00
9.952500e+02,0.000000e+00
9.967500e+02,0.000000e+00
9.982500e+02,0.000000e+00
9.997500e+02,0.000000e+00
1.001250e+03,0.000000e+00
1.002750e+03,0.000000e+00
1.004250e+03,0.000000e+00
1.005750e+03,0.000000e+00
1.007250e+03,0.000000e+00
1.008750e+03,0.000000e+00
1.010250e+03,0.000000e+00
1.011750e+03,0.000000e+00
1.013250e+03,0.000000e+00
1.014750e+03,0.000000e+00
1.016250e+03,0.000000e+00
1.017750e+03,0.000000e+00
1.019250e+03,0.000000e+00
1.020750e+03,0.000000e+00
1.022250e+03,0.000000e+00
1.023750e+03,0.000000e+00
1.025250e+03,0.000000e+00
1.026750e+03,0.000000e+00
1.028250e+03,0.000000e+00
1.029750e+03,0.000000e+00
1.031250e+03,0.000000e+00
1.032750e+03,0.000000e+00
1.034250e+03,0.000000e+00
1.035750e+03,0.000000e+00
1.037250e+03,0.000000e+00
1.038750e+03,0.000000e+00
1.040250e+03,0.000000e+00
1.041750e+03,0.000000e+00
1.043250e+03,0.000000e+00
1.044750e+03,0.000000e+00
1.046250e+03,0.000000e+00
1.047750e+03,0.000000e+00
1.049250e+03,0.000000e+00
1.050750e+03,0.000000e+00
1.052250e+03,0.000000e+00
1.053750e+03,0.000000e+00
1.055250e+03,0.000000e+00
1.056750e+03,0.000000e+00
1.058250e+03,0.000000e+00
1.059750e+03,0.000000e+00
1.061250e+03,0.000000e+00
1.062750e+03,0.000000e+00
1.064250e+03,0.000000e+00
1.065750e+03,0.000000e+00
1.067250e+03,0.000000e+00
1.068750e+03,0.000000e+00
1.070250e+03,0.000000e+00
1.071750e+03,0.000000e+00
1.073250e+03,0.000000e+00
1.074750e+03,0.000000e+00
1.076250e+03,0.000000e+00
1.077750e+03,0.000000e+00
1.079250e+03,0.000000e+00
1.080750e+03,0.000000e+00
1.082250e+03,0.000000e+00
1.083750e+03,0.000000e+00
1.085250e+03,0.000000e+00
1.086750e+03,0.000000e+00
1.088250e+03,0.000000e+00
1.089750e+03,0.000000e+00
1.091250e+03,0.000000e+00
1.092750e+03,0.000000e+00
1.094250e+03,0.000000e+00
1.095750e+03,0.000000e+00
1.097250e+03,0.000000e+00
1.098750e+03,0.000000e+00
1.100250e+03,0.000000e+00
1.101750e+03,0.000000e+00
1.103250e+03,0.000000e+00
1.104750e+03,0.000000e+00
1.106250e+03,0.000000e+00
1.107750e+03,0.000000e+00
1.109250e+03,0.000000e+00
1.110750e+03,0.000000e+00
1.112250e+03,0.000000e+00
1.113750e+03,0.000000e+00
1.115250e+03,0.000000e+00
1.116750e+03,0.000000e+00
1.118250e+03,0.000000e+00
1.119750e+03,0.000000e+00
1.121250e+03,0.000000e+00
1.122750e+03,0.000000e+00
1.124250e+03,0.000000e+00
1.125750e+03,0.000000e+00
1.127250e+03,0.000000e+00
1.128750e+03,0.000000e+00
1.130250e+03,0.000000e+00
1.131750e+03,0.000000e+00
1.133250e+03,0.000000e+00
1.134750e+03,0.000000e+00
1.136250e+03,0.000000e+00
1.137750e+03,0.000000e+00
1.139250e+03,0.000000e+00
1.140750e+03,0.000000e+00
1.142250e+03,0.000000e+00
1.143750e+03,0.000000e+00
1.145250e+03,0.000000e+00
1.146750e+03,0.000000e+00
1.148250e+03,0.000000e+00
1.149750e+03,0.000000e+00
1.151250e+03,0.000000e+00
1.152750e+03,0.000000e+00
1.154250e+03,0.000000e+00
1.155750e+03,0.000000e+00
1.157250e+03,0.000000e+00
1.158750e+03,0.000000e+00
1.160250e+03,0.000000e+00
1.161750e+03,0.000000e+00
1.163250e+03,0.000000e+00
1.164750e+03,0.000000e+00
1.166250e+03,0.000000e+00
1.167750e+03,0.000000e+00
1.169250e+03,0.000000e+00
1.170750e+03,0.000000e+00
1.172250e+03,0.000000e+00
1.173750e+03,9.985000e-01
1.175250e+03,0.000000e+00
1.176750e+03,0.000000e+00
1.178250e+03,0.000000e+00
1.179750e+03,0.000000e+00
1.181250e+03,0.000000e+00
1.182750e+03,0.000000e+00
1.184250e+03,0.000000e+00
1.185750e+03,0.000000e+00
1.187250e+03,0.000000e+00
1.188750e+03,0.000000e+00
1.190250e+03,0.000000e+00
1.191750e+03,0.000000e+00
1.193250e+03,0.000000e+00
1.194750e+03,0.000000e+00
1.196250e+03,0.000000e+00
1.197750e+03,0.000000e+00
1.199250e+03,0.000000e+00
1.200750e+03,0.000000e+00
1.202250e+03,0.000000e+00
1.203750e+03,0.000000e+00
1.205250e+03,0.000000e+00
1.206750e+03,0.000000e+00
1.208250e+03,0.000000e+00
1.209750e+03,0.000000e+00
1.211250e+03,0.000000e+00
1.212750e+03,0.000000e+00
1.214250e+03,0.000000e+00
1.215750e+03,0.000000e+00
1.217250e+03,0.000000e+00
1.218750e+03,0.000000e+00
1.220250e+03,0.000000e+00
1.221750e+03,0.000000e+00
1.223250e+03,0.000000e+00
1.224750e+03,0.000000e+00
1.226250e+03,0.000000e+00
1.227750e+03,0.000000e+00
1.229250e+03,0.000000e+00
1.230750e+03,0.000000e+00
1.232250e+03,0.000000e+00
1.233750e+03,0.000000e+00
1.235250e+03,0.000000e+00
1.236750e+03,0.000000e+00
1.238250e+03,0.000000e+00
1.239750e+03,0.000000e+00
1.241250e+03,0.000000e+00
1.242750e+03,0.000000e+00
1.244250e+03,0.000000e+00
1.245750e+03,0.000000e+00
1.247250e+03,0.000000e+00
1.248750e+03,0.000000e+00
1.250250e+03,0.000000e+00
1.251750e+03,0.000000e+00
1.253250e+03,0.000000e+00
1.254750e+03,0.000000e+00
1.256250e+03,0.000000e+00
1.257750e+03,0.000000e+00
1.259250e+03,0.000000e+00
1.260750e+03,0.000000e+00
1.262250e+03,0.000000e+00
1.263750e+03,0.000000e+00
1.265250e+03,0.000000e+00
1.266750e+03,0.000000e+00
1.268250e+03,0.000000e+00
1.269750e+03,0.000000e+00
1.271250e+03,0.000000e+00
1.272750e+03,0.000000e+00
1.274250e+03,0.000000e+00
1.275750e+03,0.000000e+00
1.277250e+03,0.000000e+00
1.278750e+03,0.000000e+00
1.280250e+03,0.000000e+00
1.281750e+03,0.000000e+00
1.283250e+03,0.000000e+00
1.284750e+03,0.000000e+00
1.286250e+03,0.000000e+00
1.287750e+03,0.000000e+00
1.289250e+03,0.000000e+00
1.290750e+03,0.000000e+00
1.292250e+03,0.000000e+00
1.293750e+03,0.000000e+00
1.295250e+03,0.000000e+00
1.296750e+03,0.000000e+00
1.298250e+03,0.000000e+00
1.299750e+03,0.000000e+00
1.301250e+03,0.000000e+00
1.302750e+03,0.000000e+00
1.304250e+03,0.000000e+00
1.305750e+03,0.000000e+00
1.307250e+03,0.000000e+00
1.308750e+03,0.000000e+00
1.310250e+03,0.000000e+00
1.311750e+03,0.000000e+00
1.313250e+03,0.000000e+00
1.314750e+03,0.000000e+00
1.316250e+03,0.000000e+00
1.317750e+03,0.000000e+00
1.319250e+03,0.000000e+00
1.320750e+03,0.000000e+00
1.322250e+03,0.000000e+00
1.323750e+03,0.000000e+00
1.325250e+03,0.000000e+00
1.326750e+03,0.000000e+00
1.328250e+03,0.000000e+00
1.329750e+03,0.000000e+00
1.331250e+03,0.000000e+00
1.332750e+03,9.998260e-01
1.334250e+03,0.000000e+00
1.335750e+03,0.000000e+00
1.337250e+03,0.000000e+00
1.338750e+03,0.000000e+00
1.340250e+03,0.000000e+00
1.341750e+03,0.000000e+00
1.343250e+03,0.000000e+00
1.344750e+03,0.000000e+00
1.346250e+03,0.000000e+00
1.347750e+03,0.000000e+00
1.349250e+03,0.000000e+00
1.350750e+03,0.000000e+00
1.352250e+03,0.000000e+00
1.353750e+03,0.000000e+00
1.355250e+03,0.000000e+00
1.356750e+03,0.000000e+00
1.358250e+03,0.000000e+00
1.359750e+03,0.000000e+00
1.361250e+03,0.000000e+00
1.362750e+03,0.000000e+00
1.364250e+03,0.000000e+00
1.365750e+03,0.000000e+00
1.367250e+03,0.000000e+00
1.368750e+03,0.000000e+00
1.370250e+03,0.000000e+00
1.371750e+03,0.000000e+00
1.373250e+03,0.000000e+00
1.374750e+03,0.000000e+00
1.376250e+03,0.000000e+00
1.377750e+03,0.000000e+00
1.379250e+03,0.000000e+00
1.380750e+03,0.000000e+00
1.382250e+03,0.000000e+00
1.383750e+03,0.000000e+00
1.385250e+03,0.000000e+00
1.386750e+03,0.000000e+00
1.388250e+03,0.000000e+00
1.389750e+03,0.000000e+00
1.391250e+03,0.000000e+00
1.392750e+03,0.000000e+00
1.394250e+03,0.000000e+00
1.395750e+03,0.000000e+00
1.397250e+03,0.000000e+00
1.398750e+03,0.000000e+00
1.400250e+03,0.000000e+00
1.401750e+03,0.000000e+00
1.403250e+03,0.000000e+00
1.404750e+03,0.000000e+00
1.406250e+03,0.000000e+00
1.407750e+03,0.000000e+00
1.409250e+03,0.000000e+00
1.410750e+03,0.000000e+00
1.412250e+03,0.000000e+00
1.413750e+03,0.000000e+00
1.415250e+03,0.000000e+00
1.416750e+03,0.000000e+00
1.418250e+03,0.000000e+00
1.419750e+03,0.000000e+00
1.421250e+03,0.000000e+00
1.422750e+03,0.000000e+00
1.424250e+03,0.000000e+00
1.425750e+03,0.000000e+00
1.427250e+03,0.000000e+00
1.428750e+03,0.000000e+00
1.430250e+03,0.000000e+00
1.431750e+03,0.000000e+00
1.433250e+03,0.000000e+00
1.434750e+03,0.000000e+00
1.436250e+03,0.000000e+00
1.437750e+03,0.000000e+00
1.439250e+03,0.000000e+00
1.440750e+03,0.000000e+00
1.442250e+03,0.000000e+00
1.443750e+03,0.000000e+00
1.445250e+03,0.000000e+00
1.446750e+03,0.000000e+00
1.448250e+03,0.000000e+00
1.449750e+03,0.000000e+00
1.451250e+03,0.000000e+00
1.452750e+03,0.000000e+00
1.454250e+03,0.000000e+00
1.455750e+03,0.000000e+00
1.457250e+03,0.000000e+00
1.458750e+03,0.000000e+00
1.460250e+03,0.000000e+00
1.461750e+03,0.000000e+00
1.463250e+03,0.000000e+00
1.464750e+03,0.000000e+00
1.466250e+03,0.000000e+00
1.467750e+03,0.000000e+00
1.469250e+03,0.000000e+00
1.470750e+03,0.000000e+00
1.472250e+03,0.000000e+00
1.473750e+03,0.000000e+00
1.475250e+03,0.000000e+00
1.476750e+03,0.000000e+00
1.478250e+03,0.000000e+00
1.479750e+03,0.000000e+00
1.481250e+03,0.000000e+00
1.482750e+03,0.000000e+00
1.484250e+03,0.000000e+00
1.485750e+03,0.000000e+00
1.487250e+03,0.000000e+00
1.488750e+03,0.000000e+00
1.490250e+03,0.000000e+00
1.491750e+03,0.000000e+00
1.493250e+03,0.000000e+00
1.494750e+03,0.000000e+00
1.496250e+03,0.000000e+00
1.497750e+03,0.000000e+00
1.499250e+03,0.000000e+00
1.500750e+03,0.000000e+00
1.502250e+03,0.000000e+00
1.503750e+03,0.000000e+00
1.505250e+03,0.000000e+00
1.506750e+03,0.000000e+00
1.508250e+03,0.000000e+00
1.509750e+03,0.000000e+00
1.511250e+03,0.000000e+00
1.512750e+03,0.000000e+00
1.514250e+03,0.000000e+00
1.515750e+03,0.000000e+00
1.517250e+03,0.000000e+00
1.518750e+03,0.000000e+00
1.520250e+03,0.000000e+00
1.521750e+03,0.000000e+00
1.523250e+03,0.000000e+00
1.524750e+03,0.000000e+00
1.526250e+03,0.000000e+00
1.527750e+03,0.000000e+00
1.529250e+03,0.000000e+00
1.530750e+03,0.000000e+00
1.532250e+03,0.000000e+00
1.533750e+03,0.000000e+00
1.535250e+03,0.000000e+00
1.536750e+03,0.000000e+00
1.538250e+03,0.000000e+00
1.539750e+03,0.000000e+00
1.541250e+03,0.000000e+00
1.542750e+03,0.000000e+00
1.544250e+03,0.000000e+00
1.545750e+03,0.000000e+00
1.547250e+03,0.000000e+00
1.548750e+03,0.000000e+00
1.550250e+03,0.000000e+00
1.551750e+03,0.000000e+00
1.553250e+03,0.000000e+00
1.554750e+03,0.000000e+00
1.556250e+03,0.000000e+00
1.557750e+03,0.000000e+00
1.559250e+03,0.000000e+00
1.560750e+03,0.000000e+00
1.562250e+03,0.000000e+00
1.563750e+03,0.000000e+00
1.565250e+03,0.000000e+00
1.566750e+03,0.000000e+00
1.568250e+03,0.000000e+00
1.569750e+03,0.000000e+00
1.571250e+03,0.000000e+00
1.572750e+03,0.000000e+00
1.574250e+03,0.000000e+00
1.575750e+03,0.000000e+00
1.577250e+03,0.000000e+00
1.578750e+03,0.000000e+00
1.580250e+03,0.000000e+00
1.581750e+03,0.000000e+00
1.583250e+03,0.000000e+00
1.584750e+03,0.000000e+00
1.586250e+03,0.000000e+00
1.587750e+03,0.000000e+00
1.589250e+03,0.000000e+00
1.590750e+03,0.000000e+00
1.592250e+03,0.000000e+00
1.593750e+03,0.000000e+00
1.595250e+03,0.000000e+00
1.596750e+03,0.000000e+00
1.598250e+03,0.000000e+00
1.599750e+03,0.000000e+00
1.601250e+03,0.000000e+00
1.602750e+03,0.000000e+00
1.604250e+03,0.000000e+00
1.605750e+03,0.000000e+00
1.607250e+03,0.000000e+00
1.608750e+03,0.000000e+00
1.610250e+03,0.000000e+00
1.611750e+03,0.000000e+00
1.613250e+03,0.000000e+00
1.614750e+03,0.000000e+00
1.616250e+03,0.000000e+00
1.617750e+03,0.000000e+00
1.619250e+03,0.000000e+00
1.620750e+03,0.000000e+00
1.622250e+03,0.000000e+00
1.623750e+03,0.000000e+00
1.625250e+03,0.000000e+00
1.626750e+03,0.000000e+00
1.628250e+03,0.000000e+00
1.629750e+03,0.000000e+00
1.631250e+03,0.000000e+00
1.632750e+03,0.000000e+00
1.634250e+03,0.000000e+00
1.635750e+03,0.000000e+00
1.637250e+03,0.000000e+00
1.638750e+03,0.000000e+00
1.640250e+03,0.000000e+00
1.641750e+03,0.000000e+00
1.643250e+03,0.000000e+00
1.644750e+03,0.000000e+00
1.646250e+03,0.000000e+00
1.647750e+03,0.000000e+00
1.649250e+03,0.000000e+00
1.650750e+03,0.000000e+00
1.652250e+03,0.000000e+00
1.653750e+03,0.000000e+00
1.655250e+03,0.000000e+00
1.656750e+03,0.000000e+00
1.658250e+03,0.000000e+00
1.659750e+03,0.000000e+00
1.661250e+03,0.000000e+00
1.662750e+03,0.000000e+00
1.664250e+03,0.000000e+00
1.665750e+03,0.000000e+00
1.667250e+03,0.000000e+00
1.668750e+03,0.000000e+00
1.670250e+03,0.000000e+00
1.671750e+03,0.000000e+00
1.673250e+03,0.000000e+00
1.674750e+03,0.000000e+00
1.676250e+03,0.000000e+00
1.677750e+03,0.000000e+00
1.679250e+03,0.000000e+00
1.680750e+03,0.000000e+00
1.682250e+03,0.000000e+00
1.683750e+03,0.000000e+00
1.685250e+03,0.000000e+00
1.686750e+03,0.000000e+00
1.688250e+03,0.000000e+00
1.689750e+03,0.000000e+00
1.691250e+03,0.000000e+00
1.692750e+03,0.000000e+00
1.694250e+03,0.000000e+00
1.695750e+03,0.000000e+00
1.697250e+03,0.000000e+00
1.698750e+03,0.000000e+00
1.700250e+03,0.000000e+00
1.701750e+03,0.000000e+00
1.703250e+03,0.000000e+00
1.704750e+03,0.000000e+00
1.706250e+03,0.000000e+00
1.707750e+03,0.000000e+00
1.709250e+03,0.000000e+00
1.710750e+03,0.000000e+00
1.712250e+03,0.000000e+00
1.713750e+03,0.000000e+00
1.715250e+03,0.000000e+00
1.716750e+03,0.000000e+00
1.718250e+03,0.000000e+00
1.719750e+03,0.000000e+00
1.721250e+03,0.000000e+00
1.722750e+03,0.000000e+00
1.724250e+03,0.000000e+00
1.725750e+03,0.000000e+00
1.727250e+03,0.000000e+00
1.728750e+03,0.000000e+00
1.730250e+03,0.000000e+00
1.731750e+03,0.000000e+00
1.733250e+03,0.000000e+00
1.734750e+03,0.000000e+00
1.736250e+03,0.000000e+00
1.737750e+03,0.000000e+00
1.739250e+03,0.000000e+00
1.740750e+03,0.000000e+00
1.742250e+03,0.000000e+00
1.743750e+03,0.000000e+00
1.745250e+03,0.000000e+00
1.746750e+03,0.000000e+00
1.748250e+03,0.000000e+00
1.749750e+03,0.000000e+00
1.751250e+03,0.000000e+00
1.752750e+03,0.000000e+00
1.754250e+03,0.000000e+00
1.755750e+03,0.000000e+00
1.757250e+03,0.000000e+00
1.758750e+03,0.000000e+00
1.760250e+03,0.000000e+00
1.761750e+03,0.000000e+00
1.763250e+03,0.000000e+00
1.764750e+03,0.000000e+00
1.766250e+03,0.000000e+00
1.767750e+03,0.000000e+00
1.769250e+03,0.000000e+00
1.770750e+03,0.000000e+00
1.772250e+03,0.000000e+00
1.773750e+03,0.000000e+00
1.775250e+03,0.000000e+00
1.776750e+03,0.000000e+00
1.778250e+03,0.000000e+00
1.779750e+03,0.000000e+00
1.781250e+03,0.000000e+00
1.782750e+03,0.000000e+00
1.784250e+03,0.000000e+00
1.785750e+03,0.000000e+00
1.787250e+03,0.000000e+00
1.788750e+03,0.000000e+00
1.790250e+03,0.000000e+00
1.791750e+03,0.000000e+00
1.793250e+03,0.000000e+00
1.794750e+03,0.000000e+00
1.796250e+03,0.000000e+00
1.797750e+03,0.000000e+00
1.799250e+03,0.000000e+00
1.800750e+03,0.000000e+00
1.802250e+03,0.000000e+00
1.803750e+03,0.000000e+00
1.805250e+03,0.000000e+00
1.806750e+03,0.000000e+00
1.808250e+03,0.000000e+00
1.809750e+03,0.000000e+00
1.811250e+03,0.000000e+00
1.812750e+03,0.000000e+00
1.814250e+03,0.000000e+00
1.815750e+03,0.000000e+00
1.817250e+03,0.000000e+00
1.818750e+03,0.000000e+00
1.820250e+03,0.000000e+00
1.821750e+03,0.000000e+00
1.823250e+03,0.000000e+00
1.824750e+03,0.000000e+00
1.826250e+03,0.000000e+00
1.827750e+03,0.000000e+00
1.829250e+03,0.000000e+00
1.830750e+03,0.000000e+00
1.832250e+03,0.000000e+00
1.833750e+03,0.000000e+00
1.835250e+03,0.000000e+00
1.836750e+03,0.000000e+00
1.838250e+03,0.000000e+00
1.839750e+03,0.000000e+00
1.841250e+03,0.000000e+00
1.842750e+03,0.000000e+00
1.844250e+03,0.000000e+00
1.845750e+03,0.000000e+00
1.847250e+03,0.000000e+00
1.848750e+03,0.000000e+00
1.850250e+03,0.000000e+00
1.851750e+03,0.000000e+00
1.853250e+03,0.000000e+00
1.854750e+03,0.000000e+00
1.856250e+03,0.000000e+00
1.857750e+03,0.000000e+00
1.859250e+03,0.000000e+00
1.860750e+03,0.000000e+00
1.862250e+03,0.000000e+00
1.863750e+03,0.000000e+00
1.865250e+03,0.000000e+00
1.866750e+03,0.000000e+00
1.868250e+03,0.000000e+00
1.869750e+03,0.000000e+00
1.871250e+03,0.000000e+00
1.872750e+03,0.000000e+00
1.874250e+03,0.000000e+00
1.875750e+03,0.000000e+00
1.877250e+03,0.000000e+00
1.878750e+03,0.000000e+00
1.880250e+03,0.000000e+00
1.881750e+03,0.000000e+00
1.883250e+03,0.000000e+00
1.884750e+03,0.000000e+00
1.886250e+03,0.000000e+00
1.887750e+03,0.000000e+00
1.889250e+03,0.000000e+00
1.890750e+03,0.000000e+00
1.892250e+03,0.000000e+00
1.893750e+03,0.000000e+00
1.895250e+03,0.000000e+00
1.896750e+03,0.000000e+00
1.898250e+03,0.000000e+00
1.899750e+03,0.000000e+00
1.901250e+03,0.000000e+00
1.902750e+03,0.000000e+00
1.904250e+03,0.000000e+00
1.905750e+03,0.000000e+00
1.907250e+03,0.000000e+00
1.908750e+03,0.000000e+00
1.910250e+03,0.000000e+00
1.911750e+03,0.000000e+00
1.913250e+03,0.000000e+00
1.914750e+03,0.000000e+00
1.916250e+03,0.000000e+00
1.917750e+03,0.000000e+00
1.919250e+03,0.000000e+00
1.920750e+03,0.000000e+00
1.922250e+03,0.000000e+00
1.923750e+03,0.000000e+00
1.925250e+03,0.000000e+00
1.926750e+03,0.000000e+00
1.928250e+03,0.000000e+00
1.929750e+03,0.000000e+00
1.931250e+03,0.000000e+00
1.932750e+03,0.000000e+00
1.934250e+03,0.000000e+00
1.935750e+03,0.000000e+00
1.937250e+03,0.000000e+00
1.938750e+03,0.000000e+00
1.940250e+03,0.000000e+00
1.941750e+03,0.000000e+00
1.943250e+03,0.000000e+00
1.944750e+03,0.000000e+00
1.946250e+03,0.000000e+00
1.947750e+03,0.000000e+00
1.949250e+03,0.000000e+00
1.950750e+03,0.000000e+00
1.952250e+03,0.000000e+00
1.953750e+03,0.000000e+00
1.955250e+03,0.000000e+00
1.956750e+03,0.000000e+00
1.958250e+03,0.000000e+00
1.959750e+03,0.000000e+00
1.961250e+03,0.000000e+00
1.962750e+03,0.000000e+00
1.964250e+03,0.000000e+00
1.965750e+03,0.000000e+00
1.967250e+03,0.000000e+00
1.968750e+03,0.000000e+00
1.970250e+03,0.000000e+00
1.971750e+03,0.000000e+00
1.973250e+03,0.000000e+00
1.974750e+03,0.000000e+00
1.976250e+03,0.000000e+00
1.977750e+03,0.000000e+00
1.979250e+03,0.000000e+00
1.980750e+03,0.000000e+00
1.982250e+03,0.000000e+00
1.983750e+03,0.000000e+00
1.985250e+03,0.000000e+00
1.986750e+03,0.000000e+00
1.988250e+03,0.000000e+00
1.989750e+03,0.000000e+00
1.991250e+03,0.000000e+00
1.992750e+03,0.000000e+00
1.994250e+03,0.000000e+00
1.995750e+03,0.000000e+00
1.997250e+03,0.000000e+00
1.998750e+03,0.000000e+00
2.000250e+03,0.000000e+00
2.001750e+03,0.000000e+00
2.003250e+03,0.000000e+00
2.004750e+03,0.000000e+00
2.006250e+03,0.000000e+00
2.007750e+03,0.000000e+00
2.009250e+03,0.000000e+00
2.010750e+03,0.000000e+00
2.012250e+03,0.000000e+00
2.013750e+03,0.000000e+00
2.015250e+03,0.000000e+00
2.016750e+03,0.000000e+00
2.018250e+03,0.000000e+00
2.019750e+03,0.000000e+00
2.021250e+03,0.000000e+00
2.022750e+03,0.000000e+00
2.024250e+03,0.000000e+00
2.025750e+03,0.000000e+00
2.027250e+03,0.000000e+00
2.028750e+03,0.000000e+00
2.030250e+03,0.000000e+00
2.031750e+03,0.000000e+00
2.033250e+03,0.000000e+00
2.034750e+03,0.000000e+00
2.036250e+03,0.000000e+00
2.037750e+03,0.000000e+00
2.039250e+03,0.000000e+00
2.040750e+03,0.000000e+00
2.042250e+03,0.000000e+00
2.043750e+03,0.000000e+00
2.045250e+03,0.000000e+00
2.046750e+03,0.000000e+00
2.048250e+03,0.000000e+00
2.049750e+03,0.000000e+00
2.051250e+03,0.000000e+00
2.052750e+03,0.000000e+00
2.054250e+03,0.000000e+00
2.055750e+03,0.000000e+00
2.057250e+03,0.000000e+00
2.058750e+03,0.000000e+00
2.060250e+03,0.000000e+00
2.061750e+03,0.000000e+00
2.063250e+03,0.000000e+00
2.064750e+03,0.000000e+00
2.066250e+03,0.000000e+00
2.067750e+03,0.000000e+00
2.069250e+03,0.000000e+00
2.070750e+03,0.000000e+00
2.072250e+03,0.000000e+00
2.073750e+03,0.000000e+00
2.075250e+03,0.000000e+00
2.076750e+03,0.000000e+00
2.078250e+03,0.000000e+00
2.079750e+03,0.000000e+00
2.081250e+03,0.000000e+00
2.082750e+03,0.000000e+00
2.084250e+03,0.000000e+00
2.085750e+03,0.000000e+00
2.087250e+03,0.000000e+00
2.088750e+03,0.000000e+00
2.090250e+03,0.000000e+00
2.091750e+03,0.000000e+00
2.093250e+03,0.000000e+00
2.094750e+03,0.000000e+00
2.096250e+03,0.000000e+00
2.097750e+03,0.000000e+00
2.099250e+03,0.000000e+00
2.100750e+03,0.000000e+00
2.102250e+03,0.000000e+00
2.103750e+03,0.000000e+00
2.105250e+03,0.000000e+00
2.106750e+03,0.000000e+00
2.108250e+03,0.000000e+00
2.109750e+03,0.000000e+00
2.111250e+03,0.000000e+00
2.112750e+03,0.000000e+00
2.114250e+03,0.000000e+00
2.115750e+03,0.000000e+00
2.117250e+03,0.000000e+00
2.118750e+03,0.000000e+00
2.120250e+03,0.000000e+00
2.121750e+03,0.000000e+00
2.123250e+03,0.000000e+00
2.124750e+03,0.000000e+00
2.126250e+03,0.000000e+00
2.127750e+03,0.000000e+00
2.129250e+03,0.000000e+00
2.130750e+03,0.000000e+00
2.132250e+03,0.000000e+00
2.133750e+03,0.000000e+00
2.135250e+03,0.000000e+00
2.136750e+03,0.000000e+00
2.138250e+03,0.000000e+00
2.139750e+03,0.000000e+00
2.141250e+03,0.000000e+00
2.142750e+03,0.000000e+00
2.144250e+03,0.000000e+00
2.145750e+03,0.000000e+00
2.147250e+03,0.000000e+00
2.148750e+03,0.000000e+00
2.150250e+03,0.000000e+00
2.151750e+03,0.000000e+00
2.153250e+03,0.000000e+00
2.154750e+03,0.000000e+00
2.156250e+03,0.000000e+00
2.157750e+03,0.000000e+00
2.159250e+03,1.200000e-05
2.160750e+03,0.000000e+00
2.162250e+03,0.000000e+00
2.163750e+03,0.000000e+00
2.165250e+03,0.000000e+00
2.166750e+03,0.000000e+00
2.168250e+03,0.000000e+00
2.169750e+03,0.000000e+00
2.171250e+03,0.000000e+00
2.172750e+03,0.000000e+00
2.174250e+03,0.000000e+00
2.175750e+03,0.000000e+00
2.177250e+03,0.000000e+00
2.178750e+03,0.000000e+00
2.180250e+03,0.000000e+00
2.181750e+03,0.000000e+00
2.183250e+03,0.000000e+00
2.184750e+03,0.000000e+00
2.186250e+03,0.000000e+00
2.187750e+03,0.000000e+00
2.189250e+03,0.000000e+00
2.190750e+03,0.000000e+00
2.192250e+03,0.000000e+00
2.193750e+03,0.000000e+00
2.195250e+03,0.000000e+00
2.196750e+03,0.000000e+00
2.198250e+03,0.000000e+00
2.199750e+03,0.000000e+00
2.201250e+03,0.000000e+00
2.202750e+03,0.000000e+00
2.204250e+03,0.000000e+00
2.205750e+03,0.000000e+00
2.207250e+03,0.000000e+00
2.208750e+03,0.000000e+00
2.210250e+03,0.000000e+00
2.211750e+03,0.000000e+00
2.213250e+03,0.000000e+00
2.214750e+03,0.000000e+00
2.216250e+03,0.000000e+00
2.217750e+03,0.000000e+00
2.219250e+03,0.000000e+00
2.220750e+03,0.000000e+00
2.222250e+03,0.000000e+00
2.223750e+03,0.000000e+00
2.225250e+03,0.000000e+00
2.226750e+03,0.000000e+00
2.228250e+03,0.000000e+00
2.229750e+03,0.000000e+00
2.231250e+03,0.000000e+00
2.232750e+03,0.000000e+00
2.234250e+03,0.000000e+00
2.235750e+03,0.000000e+00
2.237250e+03,0.000000e+00
2.238750e+03,0.000000e+00
2.240250e+03,0.000000e+00
2.241750e+03,0.000000e+00
2.243250e+03,0.000000e+00
2.244750e+03,0.000000e+00
2.246250e+03,0.000000e+00
2.247750e+03,0.000000e+00
2.249250e+03,0.000000e+00
2.250750e+03,0.000000e+00
2.252250e+03,0.000000e+00
2.253750e+03,0.000000e+00
2.255250e+03,0.000000e+00
2.256750e+03,0.000000e+00
2.258250e+03,0.000000e+00
2.259750e+03,0.000000e+00
2.261250e+03,0.000000e+00
2.262750e+03,0.000000e+00
2.264250e+03,0.000000e+00
2.265750e+03,0.000000e+00
2.267250e+03,0.000000e+00
2.268750e+03,0.000000e+00
2.270250e+03,0.000000e+00
2.271750e+03,0.000000e+00
2.273250e+03,0.000000e+00
2.274750e+03,0.000000e+00
2.276250e+03,0.000000e+00
2.277750e+03,0.000000e+00
2.279250e+03,0.000000e+00
2.280750e+03,0.000000e+00
2.282250e+03,0.000000e+00
2.283750e+03,0.000000e+00
2.285250e+03,0.000000e+00
2.286750e+03,0.000000e+00
2.288250e+03,0.000000e+00
2.289750e+03,0.000000e+00
2.291250e+03,0.000000e+00
2.292750e+03,0.000000e+00
2.294250e+03,0.000000e+00
2.295750e+03,0.000000e+00
2.297250e+03,0.000000e+00
2.298750e+03,0.000000e+00
2.300250e+03,0.000000e+00
2.301750e+03,0.000000e+00
2.303250e+03,0.000000e+00
2.304750e+03,0.000000e+00
2.306250e+03,0.000000e+00
2.307750e+03,0.000000e+00
2.309250e+03,0.000000e+00
2.310750e+03,0.000000e+00
2.312250e+03,0.000000e+00
2.313750e+03,0.000000e+00
2.315250e+03,0.000000e+00
2.316750e+03,0.000000e+00
2.318250e+03,0.000000e+00
2.319750e+03,0.000000e+00
2.321250e+03,0.000000e+00
2.322750e+03,0.000000e+00
2.324250e+03,0.000000e+00
2.325750e+03,0.000000e+00
2.327250e+03,0.000000e+00
2.328750e+03,0.000000e+00
2.330250e+03,0.000000e+00
2.331750e+03,0.000000e+00
2.333250e+03,0.000000e+00
2.334750e+03,0.000000e+00
2.336250e+03,0.000000e+00
2.337750e+03,0.000000e+00
2.339250e+03,0.000000e+00
2.340750e+03,0.000000e+00
2.342250e+03,0.000000e+00
2.343750e+03,0.000000e+00
2.345250e+03,0.000000e+00
2.346750e+03,0.000000e+00
2.348250e+03,0.000000e+00
2.349750e+03,0.000000e+00
2.351250e+03,0.000000e+00
2.352750e+03,0.000000e+00
2.354250e+03,0.000000e+00
2.355750e+03,0.000000e+00
2.357250e+03,0.000000e+00
2.358750e+03,0.000000e+00
2.360250e+03,0.000000e+00
2.361750e+03,0.000000e+00
2.363250e+03,0.000000e+00
2.364750e+03,0.000000e+00
2.366250e+03,0.000000e+00
2.367750e+03,0.000000e+00
2.369250e+03,0.000000e+00
2.370750e+03,0.000000e+00
2.372250e+03,0.000000e+00
2.373750e+03,0.000000e+00
2.375250e+03,0.000000e+00
2.376750e+03,0.000000e+00
2.378250e+03,0.000000e+00
2.379750e+03,0.000000e+00
2.381250e+03,0.000000e+00
2.382750e+03,0.000000e+00
2.384250e+03,0.000000e+00
2.385750e+03,0.000000e+00
2.387250e+03,0.000000e+00
2.388750e+03,0.000000e+00
2.390250e+03,0.000000e+00
2.391750e+03,0.000000e+00
2.393250e+03,0.000000e+00
2.394750e+03,0.000000e+00
2.396250e+03,0.000000e+00
2.397750e+03,0.000000e+00
2.399250e+03,0.000000e+00
2.400750e+03,0.000000e+00
2.402250e+03,0.000000e+00
2.403750e+03,0.000000e+00
2.405250e+03,0.000000e+00
2.406750e+03,0.000000e+00
2.408250e+03,0.000000e+00
2.409750e+03,0.000000e+00
2.411250e+03,0.000000e+00
2.412750e+03,0.000000e+00
2.414250e+03,0.000000e+00
2.415750e+03,0.000000e+00
2.417250e+03,0.000000e+00
2.418750e+03,0.000000e+00
2.420250e+03,0.000000e+00
2.421750e+03,0.000000e+00
2.423250e+03,0.000000e+00
2.424750e+03,0.000000e+00
2.426250e+03,0.000000e+00
2.427750e+03,0.000000e+00
2.429250e+03,0.000000e+00
2.430750e+03,0.000000e+00
2.432250e+03,0.000000e+00
2.433750e+03,0.000000e+00
2.435250e+03,0.000000e+00
2.436750e+03,0.000000e+00
2.438250e+03,0.000000e+00
2.439750e+03,0.000000e+00
2.441250e+03,0.000000e+00
2.442750e+03,0.000000e+00
2.444250e+03,0.000000e+00
2.445750e+03,0.000000e+00
2.447250e+03,0.000000e+00
2.448750e+03,0.000000e+00
2.450250e+03,0.000000e+00
2.451750e+03,0.000000e+00
2.453250e+03,0.000000e+00
2.454750e+03,0.000000e+00
2.456250e+03,0.000000e+00
2.457750e+03,0.000000e+00
2.459250e+03,0.000000e+00
2.460750e+03,0.000000e+00
2.462250e+03,0.000000e+00
2.463750e+03,0.000000e+00
2.465250e+03,0.000000e+00
2.466750e+03,0.000000e+00
2.468250e+03,0.000000e+00
2.469750e+03,0.000000e+00
2.471250e+03,0.000000e+00
2.472750e+03,0.000000e+00
2.474250e+03,0.000000e+00
2.475750e+03,0.000000e+00
2.477250e+03,0.000000e+00
2.478750e+03,0.000000e+00
2.480250e+03,0.000000e+00
2.481750e+03,0.000000e+00
2.483250e+03,0.000000e+00
2.484750e+03,0.000000e+00
2.486250e+03,0.000000e+00
2.487750e+03,0.000000e+00
2.489250e+03,0.000000e+00
2.490750e+03,0.000000e+00
2.492250e+03,0.000000e+00
2.493750e+03,0.000000e+00
2.495250e+03,0.000000e+00
2.496750e+03,0.000000e+00
2.498250e+03,0.000000e+00
2.499750e+03,0.000000e+00
2.501250e+03,0.000000e+00
2.502750e+03,0.000000e+00
2.504250e+03,0.000000e+00
2.505750e+03,2.000000e-08
2.507250e+03,0.000000e+00
2.508750e+03,0.000000e+00
2.510250e+03,0.000000e+00
2.511750e+03,0.000000e+00
2.513250e+03,0.000000e+00
2.514750e+03,0.000000e+00
2.516250e+03,0.000000e+00
2.517750e+03,0.000000e+00
2.519250e+03,0.000000e+00
2.520750e+03,0.000000e+00
2.522250e+03,0.000000e+00
2.523750e+03,0.000000e+00
2.525250e+03,0.000000e+00
2.526750e+03,0.000000e+00
2.528250e+03,0.000000e+00
2.529750e+03,0.000000e+00
2.531250e+03,0.000000e+00
2.532750e+03,0.000000e+00
2.534250e+03,0.000000e+00
2.535750e+03,0.000000e+00
2.537250e+03,0.000000e+00
2.538750e+03,0.000000e+00
2.540250e+03,0.000000e+00
2.541750e+03,0.000000e+00
2.543250e+03,0.000000e+00
2.544750e+03,0.000000e+00
2.546250e+03,0.000000e+00
2.547750e+03,0.000000e+00
2.549250e+03,0.000000e+00
2.550750e+03,0.000000e+00
2.552250e+03,0.000000e+00
2.553750e+03,0.000000e+00
2.555250e+03,0.000000e+00
2.556750e+03,0.000000e+00
2.558250e+03,0.000000e+00
2.559750e+03,0.000000e+00
2.561250e+03,0.000000e+00
2.562750e+03,0.000000e+00
2.564250e+03,0.000000e+00
2.565750e+03,0.000000e+00
2.567250e+03,0.000000e+00
2.568750e+03,0.000000e+00
2.570250e+03,0.000000e+00
2.571750e+03,0.000000e+00
2.573250e+03,0.000000e+00
2.574750e+03,0.000000e+00
2.576250e+03,0.000000e+00
2.577750e+03,0.000000e+00
2.579250e+03,0.000000e+00
2.580750e+03,0.000000e+00
2.582250e+03,0.000000e+00
2.583750e+03,0.000000e+00
2.585250e+03,0.000000e+00
2.586750e+03,0.000000e+00
2.588250e+03,0.000000e+00
2.589750e+03,0.000000e+00
2.591250e+03,0.000000e+00
2.592750e+03,0.000000e+00
2.594250e+03,0.000000e+00
2.595750e+03,0.000000e+00
2.597250e+03,0.000000e+00
2.598750e+03,0.000000e+00
2.600250e+03,0.000000e+00
2.601750e+03,0.000000e+00
2.603250e+03,0.000000e+00
2.604750e+03,0.000000e+00
2.606250e+03,0.000000e+00
2.607750e+03,0.000000e+00
2.609250e+03,0.000000e+00
2.610750e+03,0.000000e+00
2.612250e+03,0.000000e+00
2.613750e+03,0.000000e+00
2.615250e+03,0.000000e+00
2.616750e+03,0.000000e+00
2.618250e+03,0.000000e+00
2.619750e+03,0.000000e+00
2.621250e+03,0.000000e+00
2.622750e+03,0.000000e+00
2.624250e+03,0.000000e+00
2.625750e+03,0.000000e+00
2.627250e+03,0.000000e+00
2.628750e+03,0.000000e+00
2.630250e+03,0.000000e+00
2.631750e+03,0.000000e+00
2.633250e+03,0.000000e+00
2.634750e+03,0.000000e+00
2.636250e+03,0.000000e+00
2.637750e+03,0.000000e+00
2.639250e+03,0.000000e+00
2.640750e+03,0.000000e+00
2.642250e+03,0.000000e+00
2.643750e+03,0.000000e+00
2.645250e+03,0.000000e+00
2.646750e+03,0.000000e+00
2.648250e+03,0.000000e+00
2.649750e+03,0.000000e+00
2.651250e+03,0.000000e+00
2.652750e+03,0.000000e+00
2.654250e+03,0.000000e+00
2.655750e+03,0.000000e+00
2.657250e+03,0.000000e+00
2.658750e+03,0.000000e+00
2.660250e+03,0.000000e+00
2.661750e+03,0.000000e+00
2.663250e+03,0.000000e+00
2.664750e+03,0.000000e+00
2.666250e+03,0.000000e+00
2.667750e+03,0.000000e+00
2.669250e+03,0.000000e+00
2.670750e+03,0.000000e+00
2.672250e+03,0.000000e+00
2.673750e+03,0.000000e+00
2.675250e+03,0.000000e+00
2.676750e+03,0.000000e+00
2.678250e+03,0.000000e+00
2.679750e+03,0.000000e+00
2.681250e+03,0.000000e+00
2.682750e+03,0.000000e+00
2.684250e+03,0.000000e+00
2.685750e+03,0.000000e+00
2.687250e+03,0.000000e+00
2.688750e+03,0.000000e+00
2.690250e+03,0.000000e+00
2.691750e+03,0.000000e+00
2.693250e+03,0.000000e+00
2.694750e+03,0.000000e+00
2.696250e+03,0.000000e+00
2.697750e+03,0.000000e+00
2.699250e+03,0.000000e+00
2.700750e+03,0.000000e+00
2.702250e+03,0.000000e+00
2.703750e+03,0.000000e+00
2.705250e+03,0.000000e+00
2.706750e+03,0.000000e+00
2.708250e+03,0.000000e+00
2.709750e+03,0.000000e+00
2.711250e+03,0.000000e+00
2.712750e+03,0.000000e+00
2.714250e+03,0.000000e+00
2.715750e+03,0.000000e+00
2.717250e+03,0.000000e+00
2.718750e+03,0.000000e+00
2.720250e+03,0.000000e+00
2.721750e+03,0.000000e+00
2.723250e+03,0.000000e+00
2.724750e+03,0.000000e+00
2.726250e+03,0.000000e+00
2.727750e+03,0.000000e+00
2.729250e+03,0.000000e+00
2.730750e+03,0.000000e+00
2.732250e+03,0.000000e+00
2.733750e+03,0.000000e+00
2.735250e+03,0.000000e+00
2.736750e+03,0.000000e+00
2.738250e+03,0.000000e+00
2.739750e+03,0.000000e+00
2.741250e+03,0.000000e+00
2.742750e+03,0.000000e+00
2.744250e+03,0.000000e+00
2.745750e+03,0.000000e+00
2.747250e+03,0.000000e+00
2.748750e+03,0.000000e+00
2.750250e+03,0.000000e+00
2.751750e+03,0.000000e+00
2.753250e+03,0.000000e+00
2.754750e+03,0.000000e+00
2.756250e+03,0.000000e+00
2.757750e+03,0.000000e+00
2.759250e+03,0.000000e+00
2.760750e+03,0.000000e+00
2.762250e+03,0.000000e+00
2.763750e+03,0.000000e+00
2.765250e+03,0.000000e+00
2.766750e+03,0.000000e+00
2.768250e+03,0.000000e+00
2.769750e+03,0.000000e+00
2.771250e+03,0.000000e+00
2.772750e+03,0.000000e+00
2.774250e+03,0.000000e+00
2.775750e+03,0.000000e+00
2.777250e+03,0.000000e+00
2.778750e+03,0.000000e+00
2.780250e+03,0.000000e+00
2.781750e+03,0.000000e+00
2.783250e+03,0.000000e+00
2.784750e+03,0.000000e+00
2.786250e+03,0.000000e+00
2.787750e+03,0.000000e+00
2.789250e+03,0.000000e+00
2.790750e+03,0.000000e+00
2.792250e+03,0.000000e+00
2.793750e+03,0.000000e+00
2.795250e+03,0.000000e+00
2.796750e+03,0.000000e+00
2.798250e+03,0.000000e+00
2.799750e+03,0.000000e+00
2.801250e+03,0.000000e+00
2.802750e+03,0.000000e+00
2.804250e+03,0.000000e+00
2.805750e+03,0.000000e+00
2.807250e+03,0.000000e+00
2.808750e+03,0.000000e+00
2.810250e+03,0.000000e+00
2.811750e+03,0.000000e+00
2.813250e+03,0.000000e+00
2.814750e+03,0.000000e+00
2.816250e+03,0.000000e+00
2.817750e+03,0.000000e+00
2.819250e+03,0.000000e+00
2.820750e+03,0.000000e+00
2.822250e+03,0.000000e+00
2.823750e+03,0.000000e+00
2.825250e+03,0.000000e+00
2.826750e+03,0.000000e+00
2.828250e+03,0.000000e+00
2.829750e+03,0.000000e+00
2.831250e+03,0.000000e+00
2.832750e+03,0.000000e+00
2.834250e+03,0.000000e+00
2.835750e+03,0.000000e+00
2.837250e+03,0.000000e+00
2.838750e+03,0.000000e+00
2.840250e+03,0.000000e+00
2.841750e+03,0.000000e+00
2.843250e+03,0.000000e+00
2.844750e+03,0.000000e+00
2.846250e+03,0.000000e+00
2.847750e+03,0.000000e+00
2.849250e+03,0.000000e+00
2.850750e+03,0.000000e+00
2.852250e+03,0.000000e+00
2.853750e+03,0.000000e+00
2.855250e+03,0.000000e+00
2.856750e+03,0.000000e+00
2.858250e+03,0.000000e+00
2.859750e+03,0.000000e+00
2.861250e+03,0.000000e+00
2.862750e+03,0.000000e+00
2.864250e+03,0.000000e+00
2.865750e+03,0.000000e+00
2.867250e+03,0.000000e+00
2.868750e+03,0.000000e+00
2.870250e+03,0.000000e+00
2.871750e+03,0.000000e+00
2.873250e+03,0.000000e+00
2.874750e+03,0.000000e+00
2.876250e+03,0.000000e+00
2.877750e+03,0.000000e+00
2.879250e+03,0.000000e+00
2.880750e+03,0.000000e+00
2.882250e+03,0.000000e+00
2.883750e+03,0.000000e+00
2.885250e+03,0.000000e+00
2.886750e+03,0.000000e+00
2.888250e+03,0.000000e+00
2.889750e+03,0.000000e+00
2.891250e+03,0.000000e+00
2.892750e+03,0.000000e+00
2.894250e+03,0.000000e+00
2.895750e+03,0.000000e+00
2.897250e+03,0.000000e+00
2.898750e+03,0.000000e+00
2.900250e+03,0.000000e+00
2.901750e+03,0.000000e+00
2.903250e+03,0.000000e+00
2.904750e+03,0.000000e+00
2.906250e+03,0.000000e+00
2.907750e+03,0.000000e+00
2.909250e+03,0.000000e+00
2.910750e+03,0.000000e+00
2.912250e+03,0.000000e+00
2.913750e+03,0.000000e+00
2.915250e+03,0.000000e+00
2.916750e+03,0.000000e+00
2.918250e+03,0.000000e+00
2.919750e+03,0.000000e+00
2.921250e+03,0.000000e+00
2.922750e+03,0.000000e+00
2.924250e+03,0.000000e+00
2.925750e+03,0.000000e+00
2.927250e+03,0.000000e+00
2.928750e+03,0.000000e+00
2.930250e+03,0.000000e+00
2.931750e+03,0.000000e+00
2.933250e+03,0.000000e+00
2.934750e+03,0.000000e+00
2.936250e+03,0.000000e+00
2.937750e+03,0.000000e+00
2.939250e+03,0.000000e+00
2.940750e+03,0.000000e+00
2.942250e+03,0.000000e+00
2.943750e+03,0.000000e+00
2.945250e+03,0.000000e+00
2.946750e+03,0.000000e+00
2.948250e+03,0.000000e+00
2.949750e+03,0.000000e+00
2.951250e+03,0.000000e+00
2.952750e+03,0.000000e+00
2.954250e+03,0.000000e+00
2.955750e+03,0.000000e+00
2.957250e+03,0.000000e+00
2.958750e+03,0.000000e+00
2.960250e+03,0.000000e+00
2.961750e+03,0.000000e+00
2.963250e+03,0.000000e+00
2.964750e+03,0.000000e+00
2.966250e+03,0.000000e+00
2.967750e+03,0.000000e+00
2.969250e+03,0.000000e+00
2.970750e+03,0.000000e+00
2.972250e+03,0.000000e+00
2.973750e+03,0.000000e+00
2.975250e+03,0.000000e+00
2.976750e+03,0.000000e+00
2.978250e+03,0.000000e+00
2.979750e+03,0.000000e+00
2.981250e+03,0.000000e+00
2.982750e+03,0.000000e+00
2.984250e+03,0.000000e+00
2.985750e+03,0.000000e+00
2.987250e+03,0.000000e+00
2.988750e+03,0.000000e+00
2.990250e+03,0.000000e+00
2.991750e+03,0.000000e+00
2.993250e+03,0.000000e+00
2.994750e+03,0.000000e+00
2.996250e+03,0.000000e+00
2.997750e+03,0.000000e+00
2.999250e+03,0.000000e+00
